id,external_id,name,her_nr,status,source_url
42,3854,ABARTH,3854,completed,https://www.irishautoparts.ie
43,609,AC,609,completed,https://www.irishautoparts.ie
44,1505,ACURA,1505,completed,https://www.irishautoparts.ie
45,6883,ADDAX,6883,completed,https://www.irishautoparts.ie
46,5063,ADIVA,5063,completed,https://www.irishautoparts.ie
47,4330,ADLY,4330,completed,https://www.irishautoparts.ie
48,5487,AEOLUS,5487,completed,https://www.irishautoparts.ie
49,4331,AEON,4331,completed,https://www.irishautoparts.ie
50,6465,AITO,6465,completed,https://www.irishautoparts.ie
51,5500,AIWAYS,5500,completed,https://www.irishautoparts.ie
52,1480,AIXAM,1480,completed,https://www.irishautoparts.ie
1,2,ALFA ROMEO,2,completed,https://www.irishautoparts.ie
53,866,ALPINA,866,completed,https://www.irishautoparts.ie
54,810,ALPINE,810,completed,https://www.irishautoparts.ie
55,6699,ALRENDO,6699,completed,https://www.irishautoparts.ie
56,4730,ALVIS,4730,completed,https://www.irishautoparts.ie
57,2246,AMC,2246,completed,https://www.irishautoparts.ie
58,3526,ANADOL,3526,completed,https://www.irishautoparts.ie
59,3971,ANDORIA,3971,completed,https://www.irishautoparts.ie
60,5479,ANKAI,5479,completed,https://www.irishautoparts.ie
61,5136,APOLLO,5136,completed,https://www.irishautoparts.ie
62,2524,APRILIA,2524,completed,https://www.irishautoparts.ie
63,5891,ARCFOX,5891,completed,https://www.irishautoparts.ie
64,4406,ARIEL,4406,completed,https://www.irishautoparts.ie
65,1360,ARO,1360,completed,https://www.irishautoparts.ie
66,3495,ARTEGA,3495,completed,https://www.irishautoparts.ie
67,2241,ASHOK LEYLAND,2241,completed,https://www.irishautoparts.ie
68,879,ASIA MOTORS,879,completed,https://www.irishautoparts.ie
69,4628,ASIAWING,4628,completed,https://www.irishautoparts.ie
70,2242,ASKAM,2242,completed,https://www.irishautoparts.ie
71,881,ASTON MARTIN,881,completed,https://www.irishautoparts.ie
72,5064,ATALA,5064,completed,https://www.irishautoparts.ie
2,5,AUDI,5,completed,https://www.irishautoparts.ie
73,2858,AUDI (FAW),2858,completed,https://www.irishautoparts.ie
74,6400,AUDI (SAIC),6400,completed,https://www.irishautoparts.ie
75,6,AUSTIN,6,completed,https://www.irishautoparts.ie
76,1538,AUSTIN-HEALEY,1538,completed,https://www.irishautoparts.ie
77,3,AUTO UNION,3,completed,https://www.irishautoparts.ie
78,799,AUTOBIANCHI,799,completed,https://www.irishautoparts.ie
79,3842,AUTOZAM,3842,completed,https://www.irishautoparts.ie
80,2845,AUVERLAND,2845,completed,https://www.irishautoparts.ie
81,6622,AVATR,6622,completed,https://www.irishautoparts.ie
82,132,AVIA,132,completed,https://www.irishautoparts.ie
83,6695,B-ON,6695,completed,https://www.irishautoparts.ie
84,8047,BAC,8047,completed,https://www.irishautoparts.ie
85,3773,BAIC,3773,completed,https://www.irishautoparts.ie
86,4418,BAIC BJEV,4418,completed,https://www.irishautoparts.ie
87,6302,BAIC RUIXIANG,6302,completed,https://www.irishautoparts.ie
88,4266,BAIC WEIWANG,4266,completed,https://www.irishautoparts.ie
89,6381,BAIZHI,6381,completed,https://www.irishautoparts.ie
90,4552,BAJAJ,4552,completed,https://www.irishautoparts.ie
91,3764,BAOJUN (SGMW),3764,completed,https://www.irishautoparts.ie
92,4423,BAOTIAN,4423,completed,https://www.irishautoparts.ie
93,134,BARKAS,134,completed,https://www.irishautoparts.ie
94,3071,BAW,3071,completed,https://www.irishautoparts.ie
95,10,BEDFORD,10,completed,https://www.irishautoparts.ie
96,4402,BEELINE,4402,completed,https://www.irishautoparts.ie
97,5670,BEIJING,5670,completed,https://www.irishautoparts.ie
98,2532,BENELLI,2532,completed,https://www.irishautoparts.ie
99,815,BENTLEY,815,completed,https://www.irishautoparts.ie
100,4801,BENZHOU,4801,completed,https://www.irishautoparts.ie
101,1485,BERTONE,1485,completed,https://www.irishautoparts.ie
102,5510,BESTUNE,5510,completed,https://www.irishautoparts.ie
103,3762,BESTURN (FAW),3762,completed,https://www.irishautoparts.ie
104,4315,BETA,4315,completed,https://www.irishautoparts.ie
105,4368,BIMOTA,4368,completed,https://www.irishautoparts.ie
106,4645,BIO AUTO,4645,completed,https://www.irishautoparts.ie
107,1486,BITTER,1486,completed,https://www.irishautoparts.ie
108,5738,BIZZARRINI,5738,completed,https://www.irishautoparts.ie
109,4712,BLUECAR,4712,completed,https://www.irishautoparts.ie
110,2243,BMC,2243,completed,https://www.irishautoparts.ie
3,16,BMW,16,completed,https://www.irishautoparts.ie
111,3124,BMW (BRILLIANCE),3124,completed,https://www.irishautoparts.ie
112,4439,BOGDAN,4439,completed,https://www.irishautoparts.ie
113,1537,BOND,1537,completed,https://www.irishautoparts.ie
114,136,BORGWARD,136,completed,https://www.irishautoparts.ie
115,2749,BREMACH,2749,completed,https://www.irishautoparts.ie
116,3076,BRILLIANCE,3076,completed,https://www.irishautoparts.ie
117,6541,BRILLIANCE XINRI,6541,completed,https://www.irishautoparts.ie
118,1487,BRISTOL,1487,completed,https://www.irishautoparts.ie
119,4540,BRIXTON,4540,completed,https://www.irishautoparts.ie
120,5128,BSA MOTORCYCLES,5128,completed,https://www.irishautoparts.ie
121,4048,BUELL,4048,completed,https://www.irishautoparts.ie
122,788,BUGATTI,788,completed,https://www.irishautoparts.ie
123,816,BUICK,816,completed,https://www.irishautoparts.ie
124,3136,BUICK (SGM),3136,completed,https://www.irishautoparts.ie
125,3122,BYD,3122,completed,https://www.irishautoparts.ie
126,3770,C.A.M,3770,completed,https://www.irishautoparts.ie
127,819,CADILLAC,819,completed,https://www.irishautoparts.ie
128,3528,CADILLAC (SGM),3528,completed,https://www.irishautoparts.ie
129,2554,CAGIVA,2554,completed,https://www.irishautoparts.ie
130,6476,CAKE,6476,completed,https://www.irishautoparts.ie
131,1488,CALLAWAY,1488,completed,https://www.irishautoparts.ie
132,1489,CARBODIES,1489,completed,https://www.irishautoparts.ie
133,2915,CASALINI,2915,completed,https://www.irishautoparts.ie
134,1490,CATERHAM,1490,completed,https://www.irishautoparts.ie
135,4617,CCM,4617,completed,https://www.irishautoparts.ie
136,5769,CENNTRO,5769,completed,https://www.irishautoparts.ie
137,4487,CEZETA,4487,completed,https://www.irishautoparts.ie
138,4424,CF MOTO,4424,completed,https://www.irishautoparts.ie
139,4609,CHANA,4609,completed,https://www.irishautoparts.ie
140,2852,CHANGAN,2852,completed,https://www.irishautoparts.ie
141,2889,CHANGFENG,2889,completed,https://www.irishautoparts.ie
142,2853,CHANGHE,2853,completed,https://www.irishautoparts.ie
143,2916,CHATENET,2916,completed,https://www.irishautoparts.ie
144,1491,CHECKER,1491,completed,https://www.irishautoparts.ie
145,7097,CHENGSHI,7097,completed,https://www.irishautoparts.ie
146,2887,CHERY,2887,completed,https://www.irishautoparts.ie
4,138,CHEVROLET,138,completed,https://www.irishautoparts.ie
147,3527,CHEVROLET (SGM),3527,completed,https://www.irishautoparts.ie
5,20,CHRYSLER,20,completed,https://www.irishautoparts.ie
148,5596,CIIMO,5596,completed,https://www.irishautoparts.ie
6,21,CITROËN,21,completed,https://www.irishautoparts.ie
149,3772,CMC,3772,completed,https://www.irishautoparts.ie
150,5482,COMARTH,5482,completed,https://www.irishautoparts.ie
151,4214,COWIN,4214,completed,https://www.irishautoparts.ie
152,4803,CPI,4803,completed,https://www.irishautoparts.ie
153,4896,CUPRA,4896,completed,https://www.irishautoparts.ie
7,139,DACIA,139,completed,https://www.irishautoparts.ie
154,4052,DAELIM,4052,completed,https://www.irishautoparts.ie
8,185,DAEWOO,185,completed,https://www.irishautoparts.ie
155,24,DAF,24,completed,https://www.irishautoparts.ie
9,25,DAIHATSU,25,completed,https://www.irishautoparts.ie
156,26,DAIMLER,26,completed,https://www.irishautoparts.ie
157,1493,DALLAS,1493,completed,https://www.irishautoparts.ie
158,807,DATSUN,807,completed,https://www.irishautoparts.ie
159,4267,DAYUN,4267,completed,https://www.irishautoparts.ie
160,4717,DE LA CHAPELLE,4717,completed,https://www.irishautoparts.ie
161,1494,DE LOREAN,1494,completed,https://www.irishautoparts.ie
162,1495,DE TOMASO,1495,completed,https://www.irishautoparts.ie
163,5140,DEARCC,5140,completed,https://www.irishautoparts.ie
164,6587,DEEPAL,6587,completed,https://www.irishautoparts.ie
165,4089,DENZA,4089,completed,https://www.irishautoparts.ie
166,4071,DERBI,4071,completed,https://www.irishautoparts.ie
167,3069,DERWAYS,3069,completed,https://www.irishautoparts.ie
168,2784,DESOTO,2784,completed,https://www.irishautoparts.ie
169,4269,DFSK,4269,completed,https://www.irishautoparts.ie
10,29,DODGE,29,completed,https://www.irishautoparts.ie
170,3659,DONGFENG,3659,completed,https://www.irishautoparts.ie
171,2854,DONGFENG (DFAC),2854,completed,https://www.irishautoparts.ie
172,5767,DONGFENG FUKANG,5767,completed,https://www.irishautoparts.ie
173,3152,DONGFENG XIAOKANG,3152,completed,https://www.irishautoparts.ie
174,4658,DONKERVOORT,4658,completed,https://www.irishautoparts.ie
175,5141,DORCEN,5141,completed,https://www.irishautoparts.ie
176,3497,DR,3497,completed,https://www.irishautoparts.ie
177,4468,DS,4468,completed,https://www.irishautoparts.ie
178,3999,DS (CAPSA),3999,completed,https://www.irishautoparts.ie
179,2759,DUCATI,2759,completed,https://www.irishautoparts.ie
180,6501,E.F.O,6501,completed,https://www.irishautoparts.ie
181,5705,E.GO,5705,completed,https://www.irishautoparts.ie
182,824,EAGLE,824,completed,https://www.irishautoparts.ie
183,142,EBRO,142,completed,https://www.irishautoparts.ie
184,4288,ECM,4288,completed,https://www.irishautoparts.ie
185,3618,EFFEDI,3618,completed,https://www.irishautoparts.ie
186,6177,ELARIS,6177,completed,https://www.irishautoparts.ie
187,7024,EMC,7024,completed,https://www.irishautoparts.ie
188,4491,EMCO,4491,completed,https://www.irishautoparts.ie
189,3332,EMGRAND,3332,completed,https://www.irishautoparts.ie
190,6758,EMW,6758,completed,https://www.irishautoparts.ie
191,6705,ENERGICA,6705,completed,https://www.irishautoparts.ie
192,5248,ENOVATE,5248,completed,https://www.irishautoparts.ie
193,4259,ENRANGER,4259,completed,https://www.irishautoparts.ie
194,5066,ETON,5066,completed,https://www.irishautoparts.ie
195,2857,EUNOS,2857,completed,https://www.irishautoparts.ie
196,6288,EV HOUSE,6288,completed,https://www.irishautoparts.ie
197,5522,EVERUS,5522,completed,https://www.irishautoparts.ie
198,6862,EVO,6862,completed,https://www.irishautoparts.ie
199,6772,EVUM MOTORS,6772,completed,https://www.irishautoparts.ie
200,5247,EXEED (CHERY),5247,completed,https://www.irishautoparts.ie
201,5412,F.B MONDIAL,5412,completed,https://www.irishautoparts.ie
202,4072,FANTIC,4072,completed,https://www.irishautoparts.ie
203,6089,FARGO,6089,completed,https://www.irishautoparts.ie
204,6000,FARIZON AUTO,6000,completed,https://www.irishautoparts.ie
205,3610,FAW,3610,completed,https://www.irishautoparts.ie
206,2909,FAW (JILIN),2909,completed,https://www.irishautoparts.ie
207,2890,FAW (TIANJIN),2890,completed,https://www.irishautoparts.ie
208,6276,FEIDI,6276,completed,https://www.irishautoparts.ie
209,5486,FENGON,5486,completed,https://www.irishautoparts.ie
210,2862,FENGSHEN,2862,completed,https://www.irishautoparts.ie
211,2863,FENGXING,2863,completed,https://www.irishautoparts.ie
212,700,FERRARI,700,completed,https://www.irishautoparts.ie
213,7110,FEST,7110,completed,https://www.irishautoparts.ie
11,35,FIAT,35,completed,https://www.irishautoparts.ie
214,3738,FISKER,3738,completed,https://www.irishautoparts.ie
215,3771,FODAY,3771,completed,https://www.irishautoparts.ie
12,36,FORD,36,completed,https://www.irishautoparts.ie
216,3125,FORD (CHANGAN),3125,completed,https://www.irishautoparts.ie
217,3656,FORD (JMC),3656,completed,https://www.irishautoparts.ie
218,5998,FORD AFRICA,5998,completed,https://www.irishautoparts.ie
219,2864,FORD ASIA & OCEANIA,2864,completed,https://www.irishautoparts.ie
220,1496,FORD AUSTRALIA,1496,completed,https://www.irishautoparts.ie
221,808,FORD OTOSAN,808,completed,https://www.irishautoparts.ie
222,776,FORD USA,776,completed,https://www.irishautoparts.ie
223,4189,FORLAND,4189,completed,https://www.irishautoparts.ie
224,6363,FORTHING,6363,completed,https://www.irishautoparts.ie
225,2867,FOTON,2867,completed,https://www.irishautoparts.ie
226,3297,FPV,3297,completed,https://www.irishautoparts.ie
227,4257,FQT MOTOR,4257,completed,https://www.irishautoparts.ie
228,147,FREIGHTLINER,147,completed,https://www.irishautoparts.ie
229,775,FSO,775,completed,https://www.irishautoparts.ie
230,3196,GAC,3196,completed,https://www.irishautoparts.ie
231,5076,GAC MOBYLETTE,5076,completed,https://www.irishautoparts.ie
232,5745,GAC NE,5745,completed,https://www.irishautoparts.ie
233,6856,GALAXY,6856,completed,https://www.irishautoparts.ie
234,5475,GALLOPER,5475,completed,https://www.irishautoparts.ie
235,4633,GARELLI,4633,completed,https://www.irishautoparts.ie
236,4289,GASGAS,4289,completed,https://www.irishautoparts.ie
237,148,GAZ,148,completed,https://www.irishautoparts.ie
238,2590,GEELY,2590,completed,https://www.irishautoparts.ie
239,4403,GENERIC,4403,completed,https://www.irishautoparts.ie
240,4473,GENESIS,4473,completed,https://www.irishautoparts.ie
241,831,GEO,831,completed,https://www.irishautoparts.ie
242,5244,GEOMETRY,5244,completed,https://www.irishautoparts.ie
243,4657,GERMAN E CARS,4657,completed,https://www.irishautoparts.ie
244,4054,GILERA,4054,completed,https://www.irishautoparts.ie
245,1498,GINETTA,1498,completed,https://www.irishautoparts.ie
246,5209,GIOTTI VICTORIA,5209,completed,https://www.irishautoparts.ie
247,812,GLAS,812,completed,https://www.irishautoparts.ie
248,3697,GLEAGLE,3697,completed,https://www.irishautoparts.ie
249,39,GMC,39,completed,https://www.irishautoparts.ie
250,5208,GME,5208,completed,https://www.irishautoparts.ie
251,3158,GOLDEN DRAGON,3158,completed,https://www.irishautoparts.ie
252,2902,GONOW,2902,completed,https://www.irishautoparts.ie
253,3997,GONOW (GAC),3997,completed,https://www.irishautoparts.ie
254,4752,GOUPIL,4752,completed,https://www.irishautoparts.ie
255,4539,GOVECS,4539,completed,https://www.irishautoparts.ie
256,2903,GREAT WALL,2903,completed,https://www.irishautoparts.ie
257,2926,GRECAV,2926,completed,https://www.irishautoparts.ie
258,4640,GROZ,4640,completed,https://www.irishautoparts.ie
259,5135,GUMPERT,5135,completed,https://www.irishautoparts.ie
260,2866,HAFEI,2866,completed,https://www.irishautoparts.ie
261,3036,HAIMA (FAW),3036,completed,https://www.irishautoparts.ie
262,3913,HAIMA (ZHENGZHOU),3913,completed,https://www.irishautoparts.ie
263,4610,HANTENG,4610,completed,https://www.irishautoparts.ie
264,4055,HARLEY-DAVIDSON,4055,completed,https://www.irishautoparts.ie
265,3968,HAVAL,3968,completed,https://www.irishautoparts.ie
266,3562,HAWTAI,3562,completed,https://www.irishautoparts.ie
267,6208,HENGRUN AUTO,6208,completed,https://www.irishautoparts.ie
268,6162,HENREY AUTOMOBILE,6162,completed,https://www.irishautoparts.ie
269,4087,HERCULES,4087,completed,https://www.irishautoparts.ie
270,4722,HESKET,4722,completed,https://www.irishautoparts.ie
271,4176,HIGER,4176,completed,https://www.irishautoparts.ie
272,2794,HILLMAN,2794,completed,https://www.irishautoparts.ie
273,1499,HINDUSTAN,1499,completed,https://www.irishautoparts.ie
274,5858,HIPHI,5858,completed,https://www.irishautoparts.ie
275,4314,HMRacing,4314,completed,https://www.irishautoparts.ie
276,1500,HOBBYCAR,1500,completed,https://www.irishautoparts.ie
13,45,HONDA,45,completed,https://www.irishautoparts.ie
277,3126,HONDA (DONGFENG),3126,completed,https://www.irishautoparts.ie
278,3129,HONDA (GAC),3129,completed,https://www.irishautoparts.ie
279,2871,HONGQI,2871,completed,https://www.irishautoparts.ie
280,4488,HOREX,4488,completed,https://www.irishautoparts.ie
281,5109,HORKI (DYK),5109,completed,https://www.irishautoparts.ie
282,6513,HORWIN,6513,completed,https://www.irishautoparts.ie
283,3276,HSV,3276,completed,https://www.irishautoparts.ie
284,6623,HUAKAI AUTO,6623,completed,https://www.irishautoparts.ie
285,4258,HUANGHAI,4258,completed,https://www.irishautoparts.ie
286,5067,HUATIAN,5067,completed,https://www.irishautoparts.ie
287,6697,HUAZI AUTO,6697,completed,https://www.irishautoparts.ie
288,1506,HUMMER,1506,completed,https://www.irishautoparts.ie
289,4287,HUSABERG,4287,completed,https://www.irishautoparts.ie
290,4241,HUSQVARNA,4241,completed,https://www.irishautoparts.ie
291,5583,HYCAN,5583,completed,https://www.irishautoparts.ie
292,4056,HYOSUNG,4056,completed,https://www.irishautoparts.ie
293,6929,HYPTEC,6929,completed,https://www.irishautoparts.ie
14,183,HYUNDAI,183,completed,https://www.irishautoparts.ie
294,3123,HYUNDAI (BEIJING),3123,completed,https://www.irishautoparts.ie
295,3128,HYUNDAI (HUATAI),3128,completed,https://www.irishautoparts.ie
297,6873,ICKX,6873,completed,https://www.irishautoparts.ie
298,6514,IM MOTORS,6514,completed,https://www.irishautoparts.ie
299,4325,INDIAN,4325,completed,https://www.irishautoparts.ie
300,1507,INDIGO,1507,completed,https://www.irishautoparts.ie
301,6576,INEOS,6576,completed,https://www.irishautoparts.ie
302,1526,INFINITI,1526,completed,https://www.irishautoparts.ie
303,52,INNOCENTI,52,completed,https://www.irishautoparts.ie
304,3677,INOKOM,3677,completed,https://www.irishautoparts.ie
305,3084,IRAN KHODRO,3084,completed,https://www.irishautoparts.ie
306,1508,IRMSCHER,1508,completed,https://www.irishautoparts.ie
307,1509,ISDERA,1509,completed,https://www.irishautoparts.ie
308,5737,ISO,5737,completed,https://www.irishautoparts.ie
309,5736,ISORIVOLTA,5736,completed,https://www.irishautoparts.ie
15,54,ISUZU,54,completed,https://www.irishautoparts.ie
310,4393,ISUZU (JIANGXI),4393,completed,https://www.irishautoparts.ie
311,3139,ISUZU (QINGLING),3139,completed,https://www.irishautoparts.ie
312,4073,ITALJET,4073,completed,https://www.irishautoparts.ie
16,55,IVECO,55,completed,https://www.irishautoparts.ie
313,4683,IZH,4683,completed,https://www.irishautoparts.ie
314,2873,JAC,2873,completed,https://www.irishautoparts.ie
315,6903,JAC EV,6903,completed,https://www.irishautoparts.ie
316,8059,JAECOO,8059,completed,https://www.irishautoparts.ie
17,56,JAGUAR,56,completed,https://www.irishautoparts.ie
317,4614,JAGUAR (CHERY),4614,completed,https://www.irishautoparts.ie
318,4074,JAWA,4074,completed,https://www.irishautoparts.ie
18,882,JEEP,882,completed,https://www.irishautoparts.ie
319,7096,JENHOO-AUTO,7096,completed,https://www.irishautoparts.ie
320,1511,JENSEN,1511,completed,https://www.irishautoparts.ie
321,5119,JETOUR,5119,completed,https://www.irishautoparts.ie
322,2908,JIANGNAN,2908,completed,https://www.irishautoparts.ie
323,6702,JIDU,6702,completed,https://www.irishautoparts.ie
324,2888,JINBEI,2888,completed,https://www.irishautoparts.ie
325,4799,JINLUN,4799,completed,https://www.irishautoparts.ie
326,7090,JIYUE AUTO,7090,completed,https://www.irishautoparts.ie
327,3040,JMC,3040,completed,https://www.irishautoparts.ie
328,5219,JMEV,5219,completed,https://www.irishautoparts.ie
329,3993,JONWAY,3993,completed,https://www.irishautoparts.ie
330,5699,JOYFUN AUTO,5699,completed,https://www.irishautoparts.ie
331,4180,JOYLONG,4180,completed,https://www.irishautoparts.ie
332,4390,KANDI,4390,completed,https://www.irishautoparts.ie
333,5501,KARMA,5501,completed,https://www.irishautoparts.ie
334,3286,KARRY,3286,completed,https://www.irishautoparts.ie
335,4445,KARSAN,4445,completed,https://www.irishautoparts.ie
336,1131,KAWASAKI,1131,completed,https://www.irishautoparts.ie
337,4495,KEEWAY,4495,completed,https://www.irishautoparts.ie
338,7030,KG MOBILITY,7030,completed,https://www.irishautoparts.ie
19,184,KIA,184,completed,https://www.irishautoparts.ie
339,3127,KIA (DYK),3127,completed,https://www.irishautoparts.ie
340,3805,KING LONG,3805,completed,https://www.irishautoparts.ie
341,4163,KOENIGSEGG,4163,completed,https://www.irishautoparts.ie
342,4070,KREIDLER,4070,completed,https://www.irishautoparts.ie
343,4498,KSR MOTO,4498,completed,https://www.irishautoparts.ie
344,2760,KTM,2760,completed,https://www.irishautoparts.ie
345,4472,KUBA,4472,completed,https://www.irishautoparts.ie
346,2621,KYMCO,2621,completed,https://www.irishautoparts.ie
347,63,LADA,63,completed,https://www.irishautoparts.ie
348,701,LAMBORGHINI,701,completed,https://www.irishautoparts.ie
349,5130,LAMBRETTA,5130,completed,https://www.irishautoparts.ie
350,64,LANCIA,64,completed,https://www.irishautoparts.ie
20,1820,LAND ROVER,1820,completed,https://www.irishautoparts.ie
351,4282,LAND ROVER (CHERY),4282,completed,https://www.irishautoparts.ie
352,7577,LANDIAN,7577,completed,https://www.irishautoparts.ie
353,2589,LANDWIND (JMC),2589,completed,https://www.irishautoparts.ie
354,4075,LAVERDA MOTORCYCLES,4075,completed,https://www.irishautoparts.ie
355,1380,LDV,1380,completed,https://www.irishautoparts.ie
356,5201,LEAPMOTOR,5201,completed,https://www.irishautoparts.ie
357,5530,LEOPAARD,5530,completed,https://www.irishautoparts.ie
358,5499,LETIN,5499,completed,https://www.irishautoparts.ie
359,5194,LEVC,5194,completed,https://www.irishautoparts.ie
360,5068,LEXMOTO,5068,completed,https://www.irishautoparts.ie
21,842,LEXUS,842,completed,https://www.irishautoparts.ie
361,3086,LIFAN,3086,completed,https://www.irishautoparts.ie
362,1513,LIGIER,1513,completed,https://www.irishautoparts.ie
363,1200,LINCOLN,1200,completed,https://www.irishautoparts.ie
364,5069,LINGBEN,5069,completed,https://www.irishautoparts.ie
365,5746,LINGBOX,5746,completed,https://www.irishautoparts.ie
366,5181,LINKTOUR,5181,completed,https://www.irishautoparts.ie
367,6928,LINXYS,6928,completed,https://www.irishautoparts.ie
368,5155,LITE (BJEV),5155,completed,https://www.irishautoparts.ie
369,6739,LIVAN AUTO,6739,completed,https://www.irishautoparts.ie
370,6869,LIVEWIRE,6869,completed,https://www.irishautoparts.ie
371,5246,LIXIANG,5246,completed,https://www.irishautoparts.ie
372,4187,LLOYD,4187,completed,https://www.irishautoparts.ie
373,4231,LML,4231,completed,https://www.irishautoparts.ie
374,802,LOTUS,802,completed,https://www.irishautoparts.ie
375,3047,LTI,3047,completed,https://www.irishautoparts.ie
376,1515,LUAZ,1515,completed,https://www.irishautoparts.ie
377,6519,LUCID,6519,completed,https://www.irishautoparts.ie
378,7731,LUXEED,7731,completed,https://www.irishautoparts.ie
379,3742,LUXGEN,3742,completed,https://www.irishautoparts.ie
380,4494,LUXXON,4494,completed,https://www.irishautoparts.ie
381,4612,LYNK & CO,4612,completed,https://www.irishautoparts.ie
382,7029,M-HERO,7029,completed,https://www.irishautoparts.ie
383,1280,MAHINDRA,1280,completed,https://www.irishautoparts.ie
384,4076,MAICO,4076,completed,https://www.irishautoparts.ie
385,4060,MALAGUTI,4060,completed,https://www.irishautoparts.ie
386,69,MAN,69,completed,https://www.irishautoparts.ie
387,5696,MAPLE,5696,completed,https://www.irishautoparts.ie
388,2905,MAPLE (SMA),2905,completed,https://www.irishautoparts.ie
389,1516,MARCOS,1516,completed,https://www.irishautoparts.ie
390,5170,MARTIN MOTORS,5170,completed,https://www.irishautoparts.ie
391,908,MARUTI,908,completed,https://www.irishautoparts.ie
392,3549,MARUTI SUZUKI,3549,completed,https://www.irishautoparts.ie
393,771,MASERATI,771,completed,https://www.irishautoparts.ie
394,4492,MASH,4492,completed,https://www.irishautoparts.ie
395,3300,MAXUS,3300,completed,https://www.irishautoparts.ie
396,2164,MAYBACH,2164,completed,https://www.irishautoparts.ie
22,72,MAZDA,72,completed,https://www.irishautoparts.ie
397,3532,MAZDA (CHANGAN),3532,completed,https://www.irishautoparts.ie
398,4061,MBK,4061,completed,https://www.irishautoparts.ie
399,1518,MCLAREN,1518,completed,https://www.irishautoparts.ie
400,845,MEGA,845,completed,https://www.irishautoparts.ie
401,4618,MEGELLI,4618,completed,https://www.irishautoparts.ie
23,74,MERCEDES-BENZ,74,completed,https://www.irishautoparts.ie
402,3645,MERCEDES-BENZ (BBDC),3645,completed,https://www.irishautoparts.ie
403,3522,MERCEDES-BENZ (FJDA),3522,completed,https://www.irishautoparts.ie
404,161,MERCURY,161,completed,https://www.irishautoparts.ie
405,1520,METROCAB,1520,completed,https://www.irishautoparts.ie
24,75,MG,75,completed,https://www.irishautoparts.ie
406,3133,MG (NANJING),3133,completed,https://www.irishautoparts.ie
407,3838,MG (SAIC),3838,completed,https://www.irishautoparts.ie
408,3961,MIA ELECTRIC,3961,completed,https://www.irishautoparts.ie
409,6545,MICRO,6545,completed,https://www.irishautoparts.ie
410,4219,MICROCAR,4219,completed,https://www.irishautoparts.ie
411,1521,MIDDLEBRIDGE,1521,completed,https://www.irishautoparts.ie
412,1522,MINELLI,1522,completed,https://www.irishautoparts.ie
25,1523,MINI,1523,completed,https://www.irishautoparts.ie
26,77,MITSUBISHI,77,completed,https://www.irishautoparts.ie
413,3650,MITSUBISHI (BJC),3650,completed,https://www.irishautoparts.ie
414,3837,MITSUBISHI (GAC),3837,completed,https://www.irishautoparts.ie
415,2904,MITSUOKA,2904,completed,https://www.irishautoparts.ie
416,6378,MODERN AUTO,6378,completed,https://www.irishautoparts.ie
417,4333,MONDIAL,4333,completed,https://www.irishautoparts.ie
418,803,MORGAN,803,completed,https://www.irishautoparts.ie
419,78,MORRIS,78,completed,https://www.irishautoparts.ie
420,813,MOSKVICH,813,completed,https://www.irishautoparts.ie
421,4062,MOTO GUZZI,4062,completed,https://www.irishautoparts.ie
422,4077,MOTO-MORINI,4077,completed,https://www.irishautoparts.ie
423,4328,MOTOBI,4328,completed,https://www.irishautoparts.ie
424,4493,MOTOWELL,4493,completed,https://www.irishautoparts.ie
425,6567,MOTRON,6567,completed,https://www.irishautoparts.ie
426,5204,MPM MOTORS,5204,completed,https://www.irishautoparts.ie
427,2761,MV AGUSTA,2761,completed,https://www.irishautoparts.ie
428,670,MWM,670,completed,https://www.irishautoparts.ie
429,4063,MZ,4063,completed,https://www.irishautoparts.ie
430,3132,NAC IVECO (NAVECO),3132,completed,https://www.irishautoparts.ie
431,7099,NAMMI,7099,completed,https://www.irishautoparts.ie
432,7098,NEOMOR,7098,completed,https://www.irishautoparts.ie
433,5156,NETA (HOZON),5156,completed,https://www.irishautoparts.ie
434,5525,NEW BAOJUN,5525,completed,https://www.irishautoparts.ie
435,6543,NEW GONOW AUTO,6543,completed,https://www.irishautoparts.ie
436,6773,NEXTEM,6773,completed,https://www.irishautoparts.ie
437,4780,NIO,4780,completed,https://www.irishautoparts.ie
438,4334,NIPPONIA,4334,completed,https://www.irishautoparts.ie
27,80,NISSAN,80,completed,https://www.irishautoparts.ie
439,3141,NISSAN (DFAC),3141,completed,https://www.irishautoparts.ie
440,4613,NIU,4613,completed,https://www.irishautoparts.ie
441,3625,NOBLE,3625,completed,https://www.irishautoparts.ie
442,4723,NORTON,4723,completed,https://www.irishautoparts.ie
443,81,NSU,81,completed,https://www.irishautoparts.ie
444,7289,OHM,7289,completed,https://www.irishautoparts.ie
445,1141,OLDSMOBILE,1141,completed,https://www.irishautoparts.ie
446,1527,OLTCIT,1527,completed,https://www.irishautoparts.ie
447,7642,OMODA,7642,completed,https://www.irishautoparts.ie
448,6350,ONLINE,6350,completed,https://www.irishautoparts.ie
449,84,OPEL,84,completed,https://www.irishautoparts.ie
450,5123,ORA,5123,completed,https://www.irishautoparts.ie
451,1529,OSCA,1529,completed,https://www.irishautoparts.ie
452,5115,OSHAN,5115,completed,https://www.irishautoparts.ie
453,5203,OULLIM,5203,completed,https://www.irishautoparts.ie
454,4164,PAGANI,4164,completed,https://www.irishautoparts.ie
455,1530,PANOZ,1530,completed,https://www.irishautoparts.ie
456,1531,PANTHER,1531,completed,https://www.irishautoparts.ie
457,1533,PERODUA,1533,completed,https://www.irishautoparts.ie
28,88,PEUGEOT,88,completed,https://www.irishautoparts.ie
458,3531,PEUGEOT (DF-PSA),3531,completed,https://www.irishautoparts.ie
459,4659,PGO,4659,completed,https://www.irishautoparts.ie
460,4078,PGO MOTORCYCLES,4078,completed,https://www.irishautoparts.ie
461,181,PIAGGIO,181,completed,https://www.irishautoparts.ie
462,3046,PININFARINA,3046,completed,https://www.irishautoparts.ie
463,850,PLYMOUTH,850,completed,https://www.irishautoparts.ie
464,6146,POCCO,6146,completed,https://www.irishautoparts.ie
465,5152,POLARIS,5152,completed,https://www.irishautoparts.ie
466,4817,POLESTAR,4817,completed,https://www.irishautoparts.ie
467,774,PONTIAC,774,completed,https://www.irishautoparts.ie
468,92,PORSCHE,92,completed,https://www.irishautoparts.ie
469,851,PREMIER,851,completed,https://www.irishautoparts.ie
470,8129,PRIKE,8129,completed,https://www.irishautoparts.ie
471,778,PROTON,778,completed,https://www.irishautoparts.ie
472,1580,PUCH,1580,completed,https://www.irishautoparts.ie
473,5138,QIANTU,5138,completed,https://www.irishautoparts.ie
474,4771,QINGQI,4771,completed,https://www.irishautoparts.ie
475,7094,QIYUAN,7094,completed,https://www.irishautoparts.ie
476,6687,QJMOTOR,6687,completed,https://www.irishautoparts.ie
477,8185,QOODER,8185,completed,https://www.irishautoparts.ie
478,3839,QOROS,3839,completed,https://www.irishautoparts.ie
479,4346,QUADRO,4346,completed,https://www.irishautoparts.ie
480,6067,R AUTO,6067,completed,https://www.irishautoparts.ie
481,6710,RADAR,6710,completed,https://www.irishautoparts.ie
482,3689,RAM,3689,completed,https://www.irishautoparts.ie
483,1534,RANGER,1534,completed,https://www.irishautoparts.ie
484,4660,RAVON,4660,completed,https://www.irishautoparts.ie
485,1536,RAYTON FISSORE,1536,completed,https://www.irishautoparts.ie
486,5766,RCEV,5766,completed,https://www.irishautoparts.ie
487,7095,REACH,7095,completed,https://www.irishautoparts.ie
488,5124,RED STAR,5124,completed,https://www.irishautoparts.ie
489,4377,REGAL RAPTOR,4377,completed,https://www.irishautoparts.ie
490,773,RELIANT,773,completed,https://www.irishautoparts.ie
29,93,RENAULT,93,completed,https://www.irishautoparts.ie
491,4538,RENAULT (DFAC),4538,completed,https://www.irishautoparts.ie
492,694,RENAULT TRUCKS,694,completed,https://www.irishautoparts.ie
493,3555,REVA,3555,completed,https://www.irishautoparts.ie
494,4290,REX,4290,completed,https://www.irishautoparts.ie
495,4621,RIEJU,4621,completed,https://www.irishautoparts.ie
496,3285,RIICH,3285,completed,https://www.irishautoparts.ie
497,1539,RILEY,1539,completed,https://www.irishautoparts.ie
498,4404,RIVERO,4404,completed,https://www.irishautoparts.ie
499,3202,ROEWE (SAIC),3202,completed,https://www.irishautoparts.ie
500,705,ROLLS-ROYCE,705,completed,https://www.irishautoparts.ie
501,4708,ROMANITAL,4708,completed,https://www.irishautoparts.ie
30,95,ROVER,95,completed,https://www.irishautoparts.ie
502,4386,ROYAL ENFIELD,4386,completed,https://www.irishautoparts.ie
503,4152,RUF,4152,completed,https://www.irishautoparts.ie
31,99,SAAB,99,completed,https://www.irishautoparts.ie
504,4064,SACHS,4064,completed,https://www.irishautoparts.ie
505,4592,SAIPA,4592,completed,https://www.irishautoparts.ie
506,4260,SAMSUNG,4260,completed,https://www.irishautoparts.ie
507,5078,SANBEN,5078,completed,https://www.irishautoparts.ie
508,4079,SANGLAS,4079,completed,https://www.irishautoparts.ie
509,171,SANTANA,171,completed,https://www.irishautoparts.ie
510,1545,SAO,1545,completed,https://www.irishautoparts.ie
511,1497,SATURN,1497,completed,https://www.irishautoparts.ie
512,2714,SCION,2714,completed,https://www.irishautoparts.ie
513,4624,SCOMADI,4624,completed,https://www.irishautoparts.ie
514,6696,SCOOBIC,6696,completed,https://www.irishautoparts.ie
515,5813,SD,5813,completed,https://www.irishautoparts.ie
32,104,SEAT,104,completed,https://www.irishautoparts.ie
516,4763,SEAZ,4763,completed,https://www.irishautoparts.ie
517,5590,SERES,5590,completed,https://www.irishautoparts.ie
518,6178,SEVIC,6178,completed,https://www.irishautoparts.ie
519,4497,SFM,4497,completed,https://www.irishautoparts.ie
520,1547,SHELBY,1547,completed,https://www.irishautoparts.ie
521,5133,SHERCO,5133,completed,https://www.irishautoparts.ie
522,4661,SHINERAY,4661,completed,https://www.irishautoparts.ie
523,3156,SHUANGHUAN,3156,completed,https://www.irishautoparts.ie
524,4065,SIMSON,4065,completed,https://www.irishautoparts.ie
525,5125,SINOGOLD,5125,completed,https://www.irishautoparts.ie
526,3855,SINOTRUK (CNHTC),3855,completed,https://www.irishautoparts.ie
527,1548,SIPANI,1548,completed,https://www.irishautoparts.ie
528,5139,SITECH,5139,completed,https://www.irishautoparts.ie
33,106,SKODA,106,completed,https://www.irishautoparts.ie
529,3530,SKODA (SVW),3530,completed,https://www.irishautoparts.ie
530,5890,SKYWELL,5890,completed,https://www.irishautoparts.ie
531,5259,SKYWELL (KAIWO),5259,completed,https://www.irishautoparts.ie
532,6176,SKYWORTH,6176,completed,https://www.irishautoparts.ie
34,1138,SMART,1138,completed,https://www.irishautoparts.ie
533,5595,SOL,5595,completed,https://www.irishautoparts.ie
534,675,SOLO,675,completed,https://www.irishautoparts.ie
535,4400,SOMMER MOTORCYCLES,4400,completed,https://www.irishautoparts.ie
536,3657,SOUEAST,3657,completed,https://www.irishautoparts.ie
537,5171,SPANIA GTA,5171,completed,https://www.irishautoparts.ie
538,1549,SPECTRE,1549,completed,https://www.irishautoparts.ie
539,4627,SPERANZA,4627,completed,https://www.irishautoparts.ie
540,6874,SPORTEQUIPE,6874,completed,https://www.irishautoparts.ie
541,2755,SPYKER,2755,completed,https://www.irishautoparts.ie
542,5262,SRM (BRILLIANCE),5262,completed,https://www.irishautoparts.ie
543,175,SSANGYONG,175,completed,https://www.irishautoparts.ie
544,1550,STANDARD AUTOMOBILE,1550,completed,https://www.irishautoparts.ie
545,2810,STANGUELLINI,2810,completed,https://www.irishautoparts.ie
546,176,STEYR,176,completed,https://www.irishautoparts.ie
547,4015,STREETSCOOTER,4015,completed,https://www.irishautoparts.ie
35,107,SUBARU,107,completed,https://www.irishautoparts.ie
548,2716,SUNBEAM,2716,completed,https://www.irishautoparts.ie
549,6479,SUPER SOCO,6479,completed,https://www.irishautoparts.ie
550,6905,SUR-RON,6905,completed,https://www.irishautoparts.ie
36,109,SUZUKI,109,completed,https://www.irishautoparts.ie
551,3199,SUZUKI (CHANGHE),3199,completed,https://www.irishautoparts.ie
552,4407,SWM,4407,completed,https://www.irishautoparts.ie
553,4611,SWM MOTORS,4611,completed,https://www.irishautoparts.ie
554,4245,SYM,4245,completed,https://www.irishautoparts.ie
555,4292,TAGAZ,4292,completed,https://www.irishautoparts.ie
556,6906,TALARIA,6906,completed,https://www.irishautoparts.ie
557,110,TALBOT,110,completed,https://www.irishautoparts.ie
558,6233,TANK,6233,completed,https://www.irishautoparts.ie
559,178,TATA,178,completed,https://www.irishautoparts.ie
560,3443,TAZZARI,3443,completed,https://www.irishautoparts.ie
561,3328,TESLA,3328,completed,https://www.irishautoparts.ie
562,4401,TGB,4401,completed,https://www.irishautoparts.ie
563,3514,THINK,3514,completed,https://www.irishautoparts.ie
564,3157,TIANQI MEIYA,3157,completed,https://www.irishautoparts.ie
565,6690,TINBOT,6690,completed,https://www.irishautoparts.ie
566,1551,TOFAS,1551,completed,https://www.irishautoparts.ie
567,5558,TOGG,5558,completed,https://www.irishautoparts.ie
568,4425,TOMOS,4425,completed,https://www.irishautoparts.ie
569,4080,TORNAX,4080,completed,https://www.irishautoparts.ie
37,111,TOYOTA,111,completed,https://www.irishautoparts.ie
570,3137,TOYOTA (FAW),3137,completed,https://www.irishautoparts.ie
571,3130,TOYOTA (GAC),3130,completed,https://www.irishautoparts.ie
572,187,TRABANT,187,completed,https://www.irishautoparts.ie
38,112,TRIUMPH,112,completed,https://www.irishautoparts.ie
573,6439,TROPOS,6439,completed,https://www.irishautoparts.ie
574,4496,TURBHO,4496,completed,https://www.irishautoparts.ie
575,861,TVR,861,completed,https://www.irishautoparts.ie
576,4554,TVS,4554,completed,https://www.irishautoparts.ie
577,1553,UAZ,1553,completed,https://www.irishautoparts.ie
578,4555,UM,4555,completed,https://www.irishautoparts.ie
579,1554,UMM,1554,completed,https://www.irishautoparts.ie
580,4762,UZ-DAEWOO,4762,completed,https://www.irishautoparts.ie
39,117,VAUXHALL,117,completed,https://www.irishautoparts.ie
581,1555,VECTOR,1555,completed,https://www.irishautoparts.ie
582,4646,VEM,4646,completed,https://www.irishautoparts.ie
583,7384,VENT,7384,completed,https://www.irishautoparts.ie
584,4379,VENTO,4379,completed,https://www.irishautoparts.ie
585,1556,VENTURI,1556,completed,https://www.irishautoparts.ie
586,3799,VENUCIA,3799,completed,https://www.irishautoparts.ie
587,6798,VERTIGO,6798,completed,https://www.irishautoparts.ie
588,4069,VESPA,4069,completed,https://www.irishautoparts.ie
589,6768,VIAUTO,6768,completed,https://www.irishautoparts.ie
590,4256,VICTORY,4256,completed,https://www.irishautoparts.ie
591,4324,VICTORY MOTORCYCLES,4324,completed,https://www.irishautoparts.ie
592,5118,VINFAST,5118,completed,https://www.irishautoparts.ie
593,2144,VM,2144,completed,https://www.irishautoparts.ie
594,5733,VOGE,5733,completed,https://www.irishautoparts.ie
40,120,VOLVO,120,completed,https://www.irishautoparts.ie
595,4167,VOLVO ASIA,4167,completed,https://www.irishautoparts.ie
596,5111,VORTEX,5111,completed,https://www.irishautoparts.ie
597,6223,VOYAH,6223,completed,https://www.irishautoparts.ie
598,4607,VUHL,4607,completed,https://www.irishautoparts.ie
41,121,VW,121,completed,https://www.irishautoparts.ie
599,8223,VW (ANHUI),8223,completed,https://www.irishautoparts.ie
600,2859,VW (FAW),2859,completed,https://www.irishautoparts.ie
601,3035,VW (SVW),3035,completed,https://www.irishautoparts.ie
602,8166,WALLYS,8166,completed,https://www.irishautoparts.ie
603,4323,WANGYE,4323,completed,https://www.irishautoparts.ie
604,6624,WANXIANG AUTO,6624,completed,https://www.irishautoparts.ie
605,186,WARTBURG,186,completed,https://www.irishautoparts.ie
606,5114,WELTMEISTER,5114,completed,https://www.irishautoparts.ie
607,907,WESTFIELD,907,completed,https://www.irishautoparts.ie
608,4751,WEY,4751,completed,https://www.irishautoparts.ie
609,1558,WIESMANN,1558,completed,https://www.irishautoparts.ie
610,2815,WILLYS,2815,completed,https://www.irishautoparts.ie
611,1541,WOLSELEY,1541,completed,https://www.irishautoparts.ie
612,8195,WOTTAN MOTOR,8195,completed,https://www.irishautoparts.ie
613,2874,WULING,2874,completed,https://www.irishautoparts.ie
614,3140,WULING (SGMW),3140,completed,https://www.irishautoparts.ie
615,6398,XBUS,6398,completed,https://www.irishautoparts.ie
616,8161,XCITE,8161,completed,https://www.irishautoparts.ie
617,6588,XEV,6588,completed,https://www.irishautoparts.ie
618,4667,XGJAO,4667,completed,https://www.irishautoparts.ie
619,8048,XIAOMI,8048,completed,https://www.irishautoparts.ie
620,5077,XINGYUE,5077,completed,https://www.irishautoparts.ie
621,5184,XPENG,5184,completed,https://www.irishautoparts.ie
622,6688,YADEA,6688,completed,https://www.irishautoparts.ie
623,1021,YAMAHA,1021,completed,https://www.irishautoparts.ie
624,7089,YANGWANG,7089,completed,https://www.irishautoparts.ie
625,4002,YEMA,4002,completed,https://www.irishautoparts.ie
626,5065,YIBEN,5065,completed,https://www.irishautoparts.ie
627,7732,YUANHANG,7732,completed,https://www.irishautoparts.ie
628,4764,YUDO,4764,completed,https://www.irishautoparts.ie
629,3193,YUEJIN,3193,completed,https://www.irishautoparts.ie
630,2816,YUGO,2816,completed,https://www.irishautoparts.ie
631,1559,YULON,1559,completed,https://www.irishautoparts.ie
632,5188,YULU,5188,completed,https://www.irishautoparts.ie
633,4788,ZAROOQ,4788,completed,https://www.irishautoparts.ie
634,124,ZASTAVA,124,completed,https://www.irishautoparts.ie
635,1139,ZAZ,1139,completed,https://www.irishautoparts.ie
636,4599,ZD,4599,completed,https://www.irishautoparts.ie
637,5258,ZEDRIV,5258,completed,https://www.irishautoparts.ie
638,8245,ZEEHO,8245,completed,https://www.irishautoparts.ie
639,6168,ZEEKR,6168,completed,https://www.irishautoparts.ie
640,4604,ZENOS CARS,4604,completed,https://www.irishautoparts.ie
641,4322,ZERO,4322,completed,https://www.irishautoparts.ie
642,2736,ZHONGHUA (BRILLIANCE),2736,completed,https://www.irishautoparts.ie
643,2911,ZHONGXING (ZX AUTO),2911,completed,https://www.irishautoparts.ie
644,2932,ZIL,2932,completed,https://www.irishautoparts.ie
645,4033,ZINORO,4033,completed,https://www.irishautoparts.ie
646,4802,ZNEN,4802,completed,https://www.irishautoparts.ie
647,5062,ZONGSHEN,5062,completed,https://www.irishautoparts.ie
648,6502,ZONTES,6502,completed,https://www.irishautoparts.ie
649,3160,ZOTYE,3160,completed,https://www.irishautoparts.ie
650,678,ZUENDAPP,678,completed,https://www.irishautoparts.ie
296,7809,i CAR,7809,completed,https://www.irishautoparts.ie
